parent_var,child_var,id,g9ot,gpa_o80,coll_enr,coll_enr2,coll_enr4,coll_enr_ont,coll_enr_frst,coll_enr_ftpt,coll_prst1,coll_prst2,coll_prst3,coll_comp4,coll_comp6,coll_comp8,coll_gpa_s1,coll_gpa_y1,hs_deg,de_ever
ethcat,Asian,1,0.6786677277414128,0.6494400959927589,0.6450580914970487,0.48548064925707884,0.6164965130854398,0.2774862328544259,0.4133561115711928,0.4784009564667941,0.7649075766094029,0.7585660885088146,0.7166337009985,0.9967445213114843,0.9325759680941701,0.6725631514564157,0.9061625200556591,0.5007425288204104,0.5766167616238818,0.10627965140156448
ethcat,Latinx/Hispanic,2,0.8744988625403494,0.8256036397069693,0.33294151863083243,0.3307450733147562,0.4763048063497991,0.761157862143591,0.27754813055507843,0.5798380409367383,0.7905552386073396,0.7824710425920784,0.984626296791248,0.5522372780833393,0.5625304504064843,0.8226464131148532,0.6721699760528281,0.7338381034787744,0.6042996164178476,0.41296096856240183
ethcat,Black,3,0.8503024613019079,0.5908136806683615,0.7827732811216266,0.29892962039448323,0.7582495508715512,0.6142909485381097,0.4908772525377572,0.5831573001574726,0.630297314375639,0.9149666205048561,0.9227749132551253,0.5347463719081134,0.6897086797980592,0.9618011070415378,0.9045880901394412,0.7535023026866838,0.858107554144226,0.38015062687918544
ethcat,White,4,0.6698903980432078,0.6768354735104367,0.784862900339067,0.5748872349038721,0.37131211115047336,0.26230422868393366,0.5652069617994131,0.7139552155043931,0.9095055350335315,0.7695843853289261,0.8744643777608871,0.5695048043271527,0.7443311999086291,0.7041462899651378,0.6260712872026488,0.9719415378058329,0.8235091707902029,0.2411984803620726
ethcat,Other,5,0.8746853461489081,0.7083799275569618,0.4525268766097725,0.40807910701259975,0.39128180993720896,0.3332870096433908,0.30691890404559674,0.5327314979862423,0.5848637275630608,0.8264555963687599,0.670850993017666,0.898466608254239,0.6719681539107114,0.5657995507353917,0.7223601167788729,0.8574244088958949,0.8505017273128033,0.18750031176023185
gencat,female,6,0.8498497873079032,0.8310736697167158,0.25733899557963014,0.2505068018101156,0.529046076303348,0.3042001585941762,0.7615617621690036,0.549239374930039,0.5558433302212507,0.5261544131208211,0.8600431984523311,0.9106873186537996,0.8551174293970689,0.9820653889328241,0.5117057550232857,0.7284984438447282,0.6039015804417431,0.3334708227775991
gencat,male,7,0.579987971461378,0.7111327922903001,0.5721850817091764,0.3370268374215812,0.6024301146622748,0.728723702672869,0.6020670523867011,0.2686158299911767,0.6774200142826885,0.888772644335404,0.5453805112047121,0.5669368954841048,0.5559645581524819,0.7303716706810519,0.7507796501740813,0.6589927129680291,0.6833442253991961,0.16221526626031846
gencat,non-binary (if applicable),8,0.9880870571359992,0.6223399337613955,0.2855070115067065,0.7496076009701937,0.29144009375013413,0.31727958847768606,0.26755089592188597,0.7734115738421679,0.6949214590713382,0.7738798266509548,0.9602841404266655,0.6544950044481084,0.8800813761772588,0.6453797779977322,0.660341720096767,0.8240315375151113,0.523931065807119,0.177536562201567
female,female,9,0.9986952127655968,0.5702182045206428,0.4706204297021032,0.7773381955455989,0.7744421337265521,0.7106010265182705,0.5420914672780783,0.31754807312972844,0.5973817562917247,0.5080823496682569,0.8830443231854588,0.5285728868329898,0.8161024026339874,0.7922621467150748,0.9800312169827521,0.7538521866081282,0.8754134150221944,0.32246971130371094
male,male,10,0.7740876799216494,0.5988872409798205,0.31748028309084475,0.26625424553640187,0.45060246121138336,0.27965973662212495,0.3759665780700744,0.6566513071302325,0.9335139028262347,0.7453015996143222,0.6954761329106987,0.6883281235350296,0.6261023656697944,0.7968540096189827,0.5060679790331051,0.8628375075059012,0.9843268748372793,0.4677651426754892
anyell0812,anyell0812,11,0.5635582359973341,0.543569780420512,0.38581807794980705,0.4592892591841519,0.6884929470717908,0.6825164296664299,0.24044055743142964,0.5555478081572802,0.9280119048198685,0.6655511922435835,0.634417183464393,0.7425669721560553,0.6892574356170371,0.827576638548635,0.7615475145867094,0.6305265951668844,0.615736942156218,0.481773569365032
anyspd0812,anyspd0812,12,0.9590719141997397,0.8304494837066159,0.23310582567937674,0.4790088798385114,0.40496882512234156,0.7724117723293604,0.6233520267065615,0.6854055861942471,0.8679614964639768,0.8563164987135679,0.8597269516903907,0.9063879797467962,0.9217655265238136,0.7172983851050958,0.8221271298825741,0.988265985972248,0.8346178008941934,0.3523785888683051
economic_disadvantage,economic_disadvantage,13,0.6891067273681983,0.5584336823085323,0.43609697050414986,0.40991711812093856,0.3893023409415037,0.4900395841337741,0.7342352623585613,0.2967741326894611,0.8931416764389724,0.7510171858593822,0.9987970325164497,0.9010488381609321,0.689044191967696,0.6084344319533557,0.9725534971803427,0.6270255488343537,0.9154112811665982,0.28582185006234795
borough,Brooklyn,14,0.5429237498901784,0.9563197508687153,0.3347786588594318,0.7657399597112091,0.6037522905971855,0.2585004683583975,0.7835659000091255,0.3488545028492809,0.7540027601644397,0.5311290004756302,0.8952196208992973,0.5132765588350594,0.675938474945724,0.600686852238141,0.6409873246448115,0.879549136152491,0.9545765911461785,0.28160620073322207
borough,Bronx,15,0.7164382032351568,0.6907479991205037,0.3257537829689682,0.21900869584642352,0.20220832750201226,0.6126463969238103,0.27466452424414456,0.5938930429052562,0.8436251083621755,0.9414080854039639,0.8631526899989694,0.9403494407888502,0.5772473714314401,0.8814874715171754,0.9992426945827901,0.5984180967789143,0.7316485156770796,0.41875582351349294
borough,Manhattan,16,0.8001085688592866,0.9409801398869604,0.26954972879029815,0.2155500310473144,0.46539237713441256,0.4791303285863251,0.3964136705268175,0.2557064432185143,0.8220765269361436,0.9059933925746009,0.9838044086936861,0.6002163524972275,0.6728844492463395,0.8483865431044251,0.5550528405001387,0.8278596252202988,0.9666020559379831,0.4903390931431204
borough,Queens,17,0.6905146705685183,0.9178733696462587,0.47039621770381934,0.6070160653907806,0.4484864338301123,0.3095366975758225,0.7608907280955464,0.6946698349900544,0.7863035897025838,0.8478146865963936,0.9833441462833434,0.5063139823032543,0.6014452796662226,0.7955418834462762,0.8114191036438569,0.6828580657020211,0.7710139100672677,0.018716451595537364
borough,Staten Island,18,0.6425678421510383,0.7837313705822453,0.3579883622005582,0.6961743603460492,0.24281047405675055,0.4237410979345441,0.43201416502706713,0.640155974123627,0.5861970015102997,0.9706976719899103,0.8714741236763075,0.5971199036575854,0.7739733821945265,0.698710480122827,0.8094360764371231,0.7372216104995459,0.7803695105249062,0.01994220702908933
spec_hs,spec_hs,19,0.861780849751085,0.5478100251639262,0.5245067529845984,0.3768742068670691,0.20565488715656102,0.781648568995297,0.6233504576142879,0.6878202631603927,0.6887928047217429,0.8532001879066229,0.6051727021113038,0.9390416342066601,0.5361337889917195,0.8313527386635542,0.5622488973895088,0.9720575325191021,0.64994910673704,9.008925408124924e-4
ninth_year,ninth_year,20,0.9570759702473879,0.5823173118988052,0.2872940354980529,0.7684163540601732,0.5026417953893543,0.7211641097441317,0.7560377679299564,0.41229126942344013,0.6850209162803367,0.7191577395424247,0.7142398497089744,0.6686700108693913,0.7706922340439633,0.522227669833228,0.6202763221226633,0.8378214829135686,0.599029902368784,0.33793534780852497
grad_year,grad_year,21,0.6027503566583619,0.935868583037518,0.7816721095703543,0.33726553348824384,0.7211683166213334,0.6077378641813994,0.46705219442956153,0.7774823547806591,0.5978255914524198,0.9316882160492241,0.9603051305748522,0.6244343414437026,0.8641436144243926,0.918551875045523,0.938241911586374,0.7803006805479527,0.6592469571623951,0.002311257063411176
female,Asian,22,0.7936337838182226,0.5857494409428909,0.6395927438978106,0.5500226901844145,0.5679190225433559,0.7230597193352879,0.5969281814526768,0.6490110971964896,0.7712113371817395,0.6383672046940774,0.6311303401598707,0.9198510264977813,0.8491892628371716,0.5558229574235156,0.7942359123844653,0.9115073831053451,0.7676940312376246,0.12430868821684271
male,Asian,23,0.5802439951803535,0.5963742005405948,0.5083613275550307,0.4718421312049032,0.4303731793537736,0.23623217972926797,0.6124388443771751,0.7304575560614468,0.752965453080833,0.9190579107962549,0.6306021941127256,0.8356679079588503,0.8777132149552926,0.6898378367768601,0.968056608340703,0.5601476976880804,0.5059415593277663,0.2000515569234267
non-binary (if applicable),Asian,24,0.9279411529423669,0.8118225396610796,0.2748088033404201,0.32669466068036856,0.5066099281888456,0.3230221310630441,0.4404207322280854,0.7225555130746217,0.9082227047765628,0.727052534930408,0.5063674107659608,0.6358252469217405,0.6648900369182229,0.7640080593992025,0.6498385554878041,0.9552822764962912,0.5649958628928289,0.2128657721914351
female,Latinx/Hispanic,25,0.6642790252808481,0.5541537720710039,0.5519659420941025,0.45311287404038014,0.3256450548768044,0.25435641896910965,0.2989282221533358,0.6296903430949897,0.7293394026346505,0.9352488418808207,0.6590485285269096,0.9102072966052219,0.6166377493645996,0.60927900520619,0.8639810546301305,0.8135865365620703,0.8120732030365616,0.13614586647599936
male,Latinx/Hispanic,26,0.7217530407942832,0.8397355688503012,0.513327139010653,0.529504596022889,0.3760594136547297,0.32516077295877044,0.7371216194704175,0.7099848575890064,0.6269602435640991,0.8237566967727616,0.8479308616369963,0.9240203702356666,0.5656600258080289,0.5960155169013888,0.6394025717163458,0.9837693515000865,0.512161290156655,0.30927174480166286
non-binary (if applicable),Latinx/Hispanic,27,0.6244120789924636,0.7645994547056034,0.6162245105486364,0.32076161573641004,0.6745688680559397,0.5224635192193092,0.2959067061543465,0.650064005330205,0.8301474616164342,0.8915352333569899,0.9054326206678525,0.7285046662436798,0.7095596720464528,0.5402152054011822,0.9145215579774231,0.7970930566079915,0.879569587064907,0.07131739892065525
female,Black,28,0.7298629597062245,0.5366552823688835,0.4149012310430408,0.6466144791804255,0.7330212322529406,0.7332478343509139,0.26247168765403334,0.34368787007406354,0.8091458370909095,0.6207731773611158,0.667873453698121,0.8059070764575154,0.8347750682150945,0.555758312693797,0.6446857566479594,0.6535045743221417,0.6232151295989752,0.07084019191097468
male,Black,29,0.6826544039649889,0.7946771827992052,0.6273087223991752,0.666863439930603,0.7871769274119289,0.7874754379969091,0.5927706081420183,0.5960600453894587,0.8933304105885327,0.5770042814547196,0.8288977037882432,0.5427166615845636,0.8819753204006702,0.6628188602626324,0.8855427177622914,0.7085824919631705,0.8881925576133654,0.48945487930905074
non-binary (if applicable),Black,30,0.5534506298135966,0.8998052715323865,0.5734307150822133,0.6502424694597722,0.6344147864729166,0.4045238167513162,0.44085690914653247,0.3837807527277619,0.6215486807050183,0.7517345191445202,0.5229213744169101,0.795536931604147,0.8491736396681517,0.5750889260089025,0.5770078719360754,0.8977043860359117,0.9337837857892737,0.46841887396294624
female,White,31,0.7424993317108601,0.8129312819801271,0.7673582112882287,0.25129610439762473,0.5149861292913557,0.7933137364219875,0.6304938421119005,0.7103439202997834,0.7457178700715303,0.953014379250817,0.5623384400969371,0.7799359911587089,0.8651867356384173,0.9845196142559871,0.905585944536142,0.7027467023581266,0.9922273416304961,0.48112460400443524
male,White,32,0.8519200551090762,0.7624140671687201,0.3392612169962377,0.7387780580203982,0.5811351973097771,0.30977882184088235,0.48330182619392875,0.5871276795864107,0.562019205535762,0.7093738062540069,0.9216325717279688,0.6314963824115694,0.5819952632300556,0.8547193109989166,0.5621959540294483,0.6894701512064785,0.6904625849565491,0.3544838371453807
non-binary (if applicable),White,33,0.7917409758083522,0.7269695985596627,0.586255380511284,0.469865589728579,0.37374899820424623,0.2746604090090841,0.5791008911095561,0.4976392907556147,0.8440742495004088,0.8503560880199075,0.9690654705045745,0.5716889846371487,0.724032758269459,0.5983180172042921,0.5325058423914015,0.5074647240107879,0.7043630440020934,0.08370577683672309
female,Other,34,0.8805500150192529,0.6182048827176914,0.580712096579373,0.6867332423571497,0.521216008020565,0.36270639258436865,0.7460467244498432,0.5994869191665203,0.670851911068894,0.6247964492067695,0.6469353847205639,0.7112003470538184,0.9811820019967854,0.9283998425817117,0.8946452140808105,0.6129221855662763,0.8778242389671504,0.13224283535964787
male,Other,35,0.56196802505292,0.7685379206668586,0.7678823029156776,0.5573313160799445,0.4590306852944196,0.3298879158683121,0.5344266479369253,0.49770835903473204,0.6346212773350999,0.6728887835051864,0.5252590368036181,0.6926902079721913,0.5187830004142597,0.8796646995469928,0.8194612585939467,0.7784135008696467,0.6774954695720226,0.04276001267135143
non-binary (if applicable),Other,36,0.6067254244117066,0.9694988805567846,0.21825288510881366,0.5375523414928467,0.6149134175851942,0.31943361354060473,0.6815053356345744,0.26804964430630207,0.6226584136020392,0.8971841366728768,0.8275062523316592,0.7606934616342187,0.9897215672535822,0.6675290869316086,0.5463109739357606,0.888692066539079,0.8974437066353858,0.0013803488109260798
anyell0812,Asian,37,0.506647473317571,0.8246625571046025,0.2358428976032883,0.5528045034501703,0.2317009119782597,0.7519072090741248,0.41191666903905577,0.7648776954505594,0.7067973529919982,0.9805273390375078,0.9368894277140498,0.654737567063421,0.8511141496710479,0.6450580761302263,0.9489011997357011,0.5398036122787744,0.5877977927448228,0.0567741688573733
anyell0812,Latinx/Hispanic,38,0.5677589713595808,0.9922295405995101,0.7871710029430687,0.2943178404122591,0.49273578743450347,0.23078405987471343,0.5954242323525251,0.718797262851149,0.7389645442599431,0.832808292703703,0.7384627584833652,0.6979510338278487,0.653254740871489,0.9712879526196048,0.760528258047998,0.6045648604631424,0.959374833968468,0.19658506277482957
anyell0812,Black,39,0.8531494252383709,0.95886641938705,0.23918825080618264,0.61888696718961,0.20145896314643325,0.5276957306079567,0.6477348462678493,0.6542439525946975,0.5484372806968167,0.7492306142812595,0.6014818182447925,0.6259063405450433,0.8925917961169034,0.633710068417713,0.5255975180771202,0.5113706265110523,0.6179748212452978,0.07073542044963688
anyell0812,White,40,0.8150711916387081,0.6067143825348467,0.6423255951143803,0.5024512351956218,0.43122014566324657,0.4404674325603992,0.24944168725050989,0.7656037536449731,0.7782758087851107,0.7229521028930321,0.688529460108839,0.7921056032646447,0.7845277641899884,0.983039456885308,0.968982023303397,0.6785412909230217,0.5458490339806303,0.37593228148762137
anyell0812,Other,41,0.7603323706425726,0.8078740866621956,0.40042028338648383,0.4718753577675671,0.2156486592255533,0.41454704618081456,0.6147308901883662,0.6169010533485562,0.9192169574089348,0.9452085146913305,0.70238557679113,0.9446453396230936,0.7841295342659578,0.6824787769000977,0.6493816087022424,0.7649850728921592,0.6728272086475044,0.42364300379995257
anyspd0812,Asian,42,0.5814251537667587,0.7579909276682884,0.3059418219607324,0.641749002179131,0.2558736060280353,0.2911365336272866,0.6848875218536705,0.7657158282119783,0.6110043890075758,0.9958816422149539,0.5783705404028296,0.5980587678495795,0.8919819438597187,0.506885247072205,0.856596517842263,0.5144213796593249,0.6265789547469467,0.41131308174226433
anyspd0812,Latinx/Hispanic,43,0.9515384896658361,0.561846889089793,0.4827125438954682,0.3286013898439706,0.7100434290710838,0.41342444922775035,0.41180184325203306,0.27980609820224345,0.641386631410569,0.9494814301142469,0.89470546587836,0.8938274795655161,0.9509519645944238,0.831705849035643,0.7350859165890142,0.6116795059060678,0.9882359461626038,0.10205595917068422
anyspd0812,Black,44,0.6111900421092287,0.9257826741086319,0.2464705779217184,0.3275849835015834,0.40313815348781645,0.4573891673702747,0.2699025587178767,0.45607957239262764,0.9458543496439233,0.6014873672975227,0.5321299927309155,0.534263092558831,0.5092273476766422,0.5168380555696785,0.8319259671261534,0.866838272777386,0.7299279436701909,0.15463063586503267
anyspd0812,White,45,0.5331850388320163,0.8503095100168139,0.5223217637743802,0.516822279058397,0.7937594963703305,0.7917492751497777,0.38528293436393146,0.3192223335616291,0.8443126135971397,0.5010674220975488,0.9021027438575402,0.7137712478870526,0.9402256770990789,0.9094423821661621,0.5373596284771338,0.9848138965899125,0.9102628346299753,0.4290115841431543
anyspd0812,Other,46,0.8147027511149645,0.7266351045109332,0.6369703903328627,0.6838997471146286,0.7105650145094842,0.3714460610877723,0.2734025988262147,0.3161814119201154,0.9833357451716438,0.7866643654415384,0.9565529943211004,0.7323913674335927,0.7096861825557426,0.5906512107467279,0.8980076591251418,0.6194825975690037,0.5510800132760778,0.4670091039733961
economic_disadvantage,Asian,47,0.841117508825846,0.843005629372783,0.22027335781604052,0.6257784055080265,0.3142725326586515,0.6182305025402457,0.27995178280398253,0.5335420065093786,0.7655962720746174,0.952049006242305,0.6718860873952508,0.7353376984829083,0.6659080369863659,0.9725287675391883,0.6181132685160264,0.6997189172543585,0.7248335903277621,0.41896646411623806
economic_disadvantage,Latinx/Hispanic,48,0.8744444575859234,0.6695978908101097,0.23890061783604327,0.7158363196533175,0.6701632050797344,0.6348784835543484,0.6239979564212264,0.4921343220397831,0.6063006138429046,0.6733346648979932,0.6448557862313464,0.9341485865879804,0.7740151943871751,0.7689968138001859,0.8033008058555424,0.8262094663223252,0.5973521649139002,0.08134104497730732
economic_disadvantage,Black,49,0.6011706903809682,0.6417418725322932,0.5650708705652505,0.578460109140724,0.5722047821152956,0.39081623991951353,0.35134171484969556,0.3112104908563197,0.8327774037607014,0.9960971737746149,0.7917833540122956,0.7585264894878492,0.6964811668731272,0.964670657645911,0.8822168473852798,0.6174814036348835,0.873770272359252,0.4007603279314935
economic_disadvantage,White,50,0.7406141923274845,0.7425008065765724,0.7882221057545395,0.6224874571431429,0.6183598904870451,0.7155342603102328,0.6336715772282333,0.7049312982242555,0.9254897985374555,0.9809039122192189,0.9472154027316719,0.5971892931265756,0.5130711939418688,0.5648321192711592,0.7993215116439387,0.7788032811367884,0.7639780055033043,0.279028756194748
economic_disadvantage,Other,51,0.9377619981532916,0.5294969868846238,0.3370364147238434,0.39330436415039005,0.6257562276907266,0.22140730917453766,0.539747152896598,0.24342318573035301,0.8675867582205683,0.9550266599981114,0.7208041267003864,0.5957103306427598,0.5770275414688513,0.7920601082732901,0.8573389902012423,0.7499044649302959,0.8848147760145366,0.3457698713755235
Brooklyn,Asian,52,0.7653899163706228,0.8737903652945533,0.28468459215946496,0.6112229578197004,0.6395447168499232,0.33576986961998045,0.4452508697286249,0.39941614689305427,0.8254470593528822,0.5092221098020673,0.8488634017994627,0.7259883483638987,0.6602879703277722,0.7152426643297076,0.6484495013719425,0.7405650559812784,0.8842132412828505,0.2763868161709979
Bronx,Asian,53,0.8778214660705999,0.904390802141279,0.667719007190317,0.2905190276447684,0.2193867573980242,0.7724659075494857,0.3131697777658701,0.7879974535666407,0.5462323004612699,0.9068212525453418,0.9900917710037902,0.7225344335893169,0.6980397972511128,0.9719962464878336,0.9478694556746632,0.7103042785311118,0.9165132263442501,0.052177602890878916
Manhattan,Asian,54,0.8763152579776943,0.7164067132398486,0.709716540016234,0.7048014558386058,0.482710317382589,0.6291409878525884,0.34201896330341697,0.272341519035399,0.7616982543841004,0.9233303125947714,0.5642026843270287,0.5638635418144986,0.9641264113597572,0.5465883912984282,0.7511582239530981,0.9978126670466736,0.854671030654572,0.3442369985859841
Queens,Asian,55,0.8950391098624095,0.9307982474565506,0.21150287380442023,0.23958702306263152,0.6900035842321814,0.7895970751065762,0.35427030990831554,0.34226528829894964,0.529389621457085,0.9387020372087136,0.72575290245004,0.613485595677048,0.6737270479789004,0.9309051362797618,0.9912410809192806,0.5329740955494344,0.9915313258534297,0.27372592606116086
Staten Island,Asian,56,0.9904314615996554,0.8798660585889593,0.7799746983218938,0.6293888980057092,0.5463988840114327,0.5413844963535668,0.5499128305353225,0.5116398117505014,0.6407268220791593,0.9368589970981702,0.8371370860841125,0.6388296376680955,0.6266955190803856,0.6885206749429926,0.6392156563233584,0.8882896514842287,0.6751195181859657,0.19339356699492782
Brooklyn,Latinx/Hispanic,57,0.5921038630185649,0.6868867588927969,0.3280564318876714,0.7626795491669327,0.741615494573489,0.6667981510516257,0.793876412883401,0.6321383909322322,0.6307746502570808,0.8724991821218282,0.5810136530781165,0.9674651176901534,0.70531291665975,0.7029969663126394,0.7779449997469783,0.7842221526661888,0.9579886321444064,0.2395387835567817
Bronx,Latinx/Hispanic,58,0.6713798905257136,0.6484805706422776,0.5791020169388503,0.5311008826829493,0.21264677420258524,0.2530269795563072,0.4220581070519984,0.25999214537441734,0.7533823298290372,0.6008111413102597,0.6769185495795682,0.6806329634273425,0.5292219402035698,0.8507118861889467,0.5472326793242246,0.8411952892784029,0.721765466267243,0.49311103636864573
Manhattan,Latinx/Hispanic,59,0.6361045287922025,0.8197051263414323,0.42961761378683155,0.3594654491171241,0.5092203703708947,0.24260321515612307,0.2629626162815839,0.6834957402199507,0.9687422355636954,0.6613759828032926,0.7445959049509838,0.8931186577538028,0.613813380128704,0.9071572908433154,0.7492132942425087,0.6614771845052019,0.8206069845473394,0.3844655912835151
Queens,Latinx/Hispanic,60,0.6593770158942789,0.5237266196636483,0.6600542634259909,0.3094846009742469,0.27006353498436514,0.38952073003165427,0.6864192142151297,0.39997465000487864,0.9032971326960251,0.5851962591987103,0.6403849977068603,0.9925225152401254,0.5305319810286164,0.587603346677497,0.8118162017781287,0.982509880210273,0.756866094074212,0.466155934962444
Staten Island,Latinx/Hispanic,61,0.5594633524306118,0.6774334206711501,0.7475332060828805,0.7377841452136638,0.6693342889193445,0.67227111556567265,0.7409659153781831,0.3107527108397335,0.640582115505822,0.5982303051277995,0.7547986961435527,0.9919804392848164,0.6700410334160551,0.9599959996994585,0.913815850042738,0.5100600932491943,0.5619678307557479,0.09764506039209664
Brooklyn,Black,62,0.6417594777885824,0.5059940963983536,0.2751782266423106,0.6019973389804364,0.5291260301601142,0.6502608094830067,0.5162883416283877,0.4547267100308091,0.9723461206303909,0.5345738986507058,0.646970714093186,0.8195986938662827,0.6671024282695726,0.7464992267778143,0.7502232233528048,0.7423133640550077,0.9984513474628329,0.48666029411833733
Bronx,Black,63,0.741769753745757,0.5608106325380504,0.48127073766663675,0.7033296056557448,0.7285448728129269,0.43332934807986023,0.5137832434847951,0.561180903762579,0.6333604195388034,0.8555647309403867,0.9131679447600618,0.5006475606933236,0.6024682652205229,0.9549658695468679,0.8653524854453281,0.590773314004764,0.6816889438778162,0.2808260404272005
Manhattan,Black,64,0.6961676098871976,0.8956875782459974,0.5193052456248552,0.352552177477628,0.6628921801224352,0.3788094421848655,0.32217272380366924,0.4996602204162628,0.8310262917075306,0.8617220498854294,0.748797447537072,0.6630746847949922,0.5381481354124844,0.7796527759637684,0.6191946152830496,0.7475504906615242,0.8029137639096007,0.09139512910041958
Queens,Black,65,0.8455277280882001,0.9617008976638317,0.6197321611456574,0.6188985741697253,0.5599652986973525,0.6343873654957861,0.2590023044962436,0.31746765435673296,0.958306678570807,0.5499274383764714,0.9462195038795471,0.8321493512485176,0.8348570958478376,0.6631994899362326,0.6126439087092876,0.7312183321919292,0.5127970423782244,0.06652726035099477
Staten Island,Black,66,0.5869226433569565,0.6283002040581778,0.2813129098620266,0.2513292314950377,0.7930140681564808,0.27085568937473004,0.5585442556999625,0.31778320465236903,0.6428328473120928,0.5413262319052592,0.9955395623110235,0.9388048251857981,0.5599088832968846,0.8970200008479878,0.5105889696860686,0.7945550967706367,0.5050217278767377,0.17210378975141793
Brooklyn,White,67,0.742416359600611,0.7264884364558384,0.23722329130396247,0.6448063336312772,0.31052130116149784,0.25489029940217733,0.6478592332918198,0.7927526989020408,0.6253064593765885,0.8125396986724809,0.7625414795475081,0.7467123263049871,0.9765040419297293,0.6535396162653342,0.9254127802560106,0.8242671558400616,0.7413103111321107,0.47756101831328124
Bronx,White,68,0.6083025562111288,0.9323326896410435,0.42524904045276346,0.5509248562157154,0.6112000257708132,0.7031971074640753,0.2770891953725368,0.28876434969715775,0.8899794847238809,0.900600980152376,0.5172783333109692,0.6370300486451015,0.511648174491711,0.6756877328734845,0.812535727978684,0.6026854964438826,0.7510375529527664,0.07432114682160318
Manhattan,White,69,0.8341788324760273,0.6267050529131666,0.698454311490059,0.7943304702173919,0.5501856888644399,0.6145228210370988,0.3356548238079995,0.3030911040026695,0.7053903333144262,0.6485316245816648,0.9425413064891472,0.5774950361810625,0.5459414815995842,0.8768500115256757,0.6955903347115964,0.5313063367502764,0.8396491744788364,0.2860577127430588
Queens,White,70,0.6738618471426889,0.8891813773661852,0.37677608663216233,0.37777954279445114,0.4463879043702037,0.3645365312695503,0.5490243219770492,0.5073335052002221,0.9453107885783538,0.6204056481365114,0.6327890523243695,0.8280048703309149,0.76863563631195575,0.6920937173999846,0.8901839803438634,0.8653449502307922,0.5105380748864263,0.0449396496405825
Staten Island,White,71,0.7098845549626276,0.983831945923157,0.5217203609645367,0.7745967204682529,0.4397847617510707,0.43314592312090106,0.5661055751610549,0.28569510392844677,0.8668322160374373,0.9932930065551773,0.9792128370609134,0.6424354941118509,0.5242766496958211,0.6548118956852704,0.5962717954535037,0.5347908677067608,0.9031158785801381,0.3033824131125584
Brooklyn,Other,72,0.5927616170374677,0.58971153490711,0.5962332790717484,0.5407459533307701,0.430668842047453,0.5390891621820629,0.45952989719808107,0.447940756706521,0.7407933580689132,0.9780570800649002,0.6184165286831558,0.7332924455404282,0.5445614458294585,0.589415428112261,0.8244987867074087,0.601290212245658,0.9520968676079065,0.28607893851585686
Bronx,Other,73,0.9136673762695864,0.5467159289401025,0.21571109867654742,0.7533238950185479,0.3494985789060593,0.30456774290651084,0.3859867735300213,0.5030205884017052,0.8369278064928949,0.8455171476816759,0.5986370912287384,0.6169284483185038,0.8984172710916027,0.6544949115486816,0.7020715776598081,0.7263410844607279,0.7477713850094005,0.03356757597066462
Manhattan,Other,74,0.9979562447406352,0.7710927326697856,0.6401183921843767,0.6888950698543341,0.7935181288514288,0.42423675144091255,0.20256172711960974,0.3491608425509185,0.8987356703728437,0.5842986908974126,0.5995289082638919,0.9683071575127542,0.5528846808010712,0.5280719741713256,0.6991526385536417,0.9027858802583069,0.8606772536877543,0.12124239327386022
Queens,Other,75,0.6206930195912719,0.9093190040439367,0.4594456661958248,0.2660995639394969,0.5257713026367128,0.2565701701212675,0.2417112102266401,0.5003686405718327,0.7072079583304003,0.5161415404872969,0.957794475601986,0.900590734789148,0.9100013513816521,0.5687011656118557,0.9549468404147774,0.8176791523583233,0.7067754815798253,0.18486654991284013
Staten Island,Other,76,0.5589222657727078,0.6414408162236214,0.3264668792486191,0.3525031293742359,0.7709106398280712,0.7455366652458908,0.41678009820170703,0.33484245953150094,0.5107324093114585,0.6397120996844023,0.8710670779692009,0.8666775185847655,0.9862824083538726,0.5044582091504708,0.5227914545685053,0.715588278719224,0.5804251353256404,0.3935292281676084
spec_hs,Asian,77,0.5424147107405588,0.7959010174963623,0.64398234882392,0.3482131307944656,0.4380018423777074,0.6751663334667684,0.6246747281868011,0.37373080500401556,0.8226348218740895,0.8544194381684065,0.6914148486685008,0.7510015472071245,0.9483102979138494,0.5231452882289886,0.5707277155015618,0.900640533072874,0.669721593032591,0.03685129014775157
spec_hs,Latinx/Hispanic,78,0.7335033637937158,0.6685755082871765,0.7170700607821345,0.32481944244354966,0.7167055832222105,0.7425082889385521,0.49467596681788567,0.7213323698844762,0.7404417117359117,0.7238826723769307,0.6817981001222506,0.7537259814562276,0.6011596512980759,0.5696177415084094,0.832692097988911,0.9315613324288279,0.5120094192679971,0.004408473847433925
spec_hs,Black,79,0.5441393406363204,0.7205756781622767,0.4589368213899434,0.47885379549115903,0.40132456989958887,0.5883615006227048,0.20911132572218777,0.4058099566493184,0.7354286991758272,0.7667611262295395,0.6717517348006368,0.5868248426122591,0.8179535822710022,0.6877262729685754,0.7876679276814684,0.8089734099339694,0.8073328299215063,0.22817718260921538
spec_hs,White,80,0.8261074052425101,0.6598809722345322,0.6864043990615756,0.28933409643359487,0.3432374377734959,0.617951253289357,0.4722075596917421,0.5603175941389055,0.5120081445202231,0.7279795134672895,0.8775088636903092,0.9620351184858009,0.6443288059672341,0.7704061691183597,0.557452097418718,0.8509573804913089,0.7873067256296054,0.07171535189263523
spec_hs,Other,81,0.9880318031646311,0.9640272478573024,0.5002493487671018,0.47862531989812857,0.49644015836529437,0.6111439097672702,0.2506758357398212,0.3082505382597447,0.7511925215367228,0.9124094330472872,0.9867855929769576,0.5961169092915952,0.5412167302565649,0.977905385196209,0.5328776207752526,0.5094122688751668,0.641863125609234,0.08777314971666783
anyell0812,female,82,0.8181520476937294,0.7152967428555712,0.5583319995086641,0.4292688334360719,0.2378368677105755,0.5475046506617218,0.3775321942288429,0.5829254180192949,0.525377775891684,0.5655351708410308,0.8022672772640362,0.9050000632414594,0.6077815152239054,0.9559215666959062,0.7162669269600883,0.7729816146893427,0.8430744722718373,0.3325664605945349
anyell0812,male,83,0.8453820544527844,0.8133517714450136,0.3206586907152087,0.49851154428906747,0.6501182043924929,0.24520738432183864,0.4992308197077364,0.3932450695894659,0.641815023845993,0.5035738481674343,0.6747402001637965,0.9764993437565863,0.669058722560294,0.8383085596142337,0.9462495490442961,0.9107359610497952,0.9215532918460667,0.45305909879971296
anyell0812,non-binary (if applicable),84,0.8989031834062189,0.6185936133842915,0.519024304067716,0.6882160221226514,0.3813686339184642,0.5261072187218816,0.42811342901550237,0.7105889178812506,0.6574494453379884,0.5203229744220152,0.8806226832093671,0.7617325372993946,0.6567264620680362,0.5244318449404091,0.5137402176624164,0.5334764656145126,0.9288211382227018,0.03759706800337881
anyspd0812,female,85,0.5081620494602248,0.9122510979650542,0.2701615662313998,0.6604014966171236,0.6814236158505083,0.44718800410628323,0.5643508596345783,0.2280781715642661,0.9011768201598898,0.6802452228730544,0.7863330990076065,0.9884567630942911,0.8868335669394583,0.6604532857891172,0.5997106662252918,0.6379132780712098,0.77173341263551265,0.4078498553717509
anyspd0812,male,86,0.9532155457418412,0.6846179059939459,0.7182410365436227,0.52175453719683,0.333180799195543,0.23551994147710503,0.6837148434482516,0.22372892801649868,0.8759364710422233,0.8446480514248833,0.8419028392527252,0.6343659280100837,0.8826976208947599,0.743058452848345,0.6080132275819778,0.8518644208088517,0.8219624628545716,0.4475420452654362
anyspd0812,non-binary (if applicable),87,0.8547991623636335,0.6981259990716353,0.6037983241491021,0.7511714662890883,0.25797837469726803,0.555349485622719,0.39832832799293105,0.3597749074455351,0.7437919140793383,0.6883487005252391,0.6775554403429851,0.8670552186667919,0.7305813491111621,0.5929553644964471,0.8846588677261025,0.6184293638216332,0.7032079107593745,0.2851797367911786
economic_disadvantage,female,88,0.7334672651486471,0.7095605566864833,0.6337702266406269,0.4514245761558414,0.24881364912725987,0.3715332419611514,0.5203862980939449,0.5110799418296665,0.6641728224931285,0.6000352943083271,0.8475247726310045,0.5746573676588014,0.7449313506949693,0.6023123126942664,0.9325470770709217,0.5862693294184282,0.5401028146734461,0.007630273583345115
economic_disadvantage,male,89,0.5277681482257321,0.6888926747487858,0.5204576993361116,0.24464387749321762,0.27243959275074303,0.27225613594055176,0.6652666717302055,0.720491131907329,0.7397592137567699,0.6016585499746725,0.9608740994008258,0.8770384074887261,0.9259314824594185,0.6097461746539921,0.6139653907157481,0.6664339202689007,0.7058605425991118,0.3714409085223451
economic_disadvantage,non-binary (if applicable),90,0.5917940197978169,0.7066539190709591,0.47382391584105793,0.23886783062480393,0.5985901677049696,0.45514539671130483,0.5678270937409253,0.629770605545491,0.634057140443474,0.5649583183694631,0.794748660759069,0.9199718529125676,0.8874691162491217,0.7833135194377974,0.8435946212848648,0.5312989217927679,0.9750813639257103,0.08359016675967723
Brooklyn,female,91,0.6135943626286462,0.9260876175248995,0.324274962535128,0.4313598198816181,0.5996004263404757,0.45811717589385814,0.6871398424729706,0.4179352377541364,0.5286263758316636,0.678714400739409,0.6769985745195299,0.5936965704895556,0.5357125216396526,0.9505049693398178,0.994728984311223,0.6328056347556412,0.970761168980971,0.45816959417425096
Bronx,female,92,0.6440229034051299,0.6666432624915615,0.748654464725405,0.4296244620811195,0.7836798374541105,0.7789022930432112,0.36300262133590877,0.3192376045510173,0.8666747703682631,0.9675353340571746,0.5119416062952951,0.9563440565252677,0.8162394987884909,0.8357079169945791,0.5021044254535809,0.7904606296215206,0.9458231411408633,0.32391995773650706
Manhattan,female,93,0.7065768426982686,0.8618200855562463,0.4854916309472174,0.7228290110826494,0.3140276478137821,0.7968992783688009,0.5615849859546871,0.32738444381393494,0.9089080564444885,0.6123671305831522,0.6413079750491306,0.904997814563103,0.7817829916020855,0.5055553391575813,0.9183558837976307,0.8700524435844272,0.7182816474232823,0.34339122101664543
Queens,female,94,0.855599821661599,0.62206420104485,0.4210356018971652,0.7586130246985705,0.4394737339112908,0.5014722993131728,0.7423487972468139,0.25789240179583434,0.8139509608736262,0.7173110895091668,0.9739243413787335,0.7337072009686381,0.8795129192294553,0.8316957879578695,0.8886583267012611,0.8313767750514671,0.8375215276610106,0.34991229767911136
Staten Island,female,95,0.7781785514671355,0.687149386270903,0.7485696525778622,0.7025823506060989,0.40609749532304706,0.4683868698775769,0.7530025515705348,0.6615510010160506,0.6178631469374523,0.6194406452123076,0.8087227256037295,0.5354954453650862,0.7249200793448836,0.5360526264412329,0.8969554944196716,0.5647259770194069,0.9506106226472184,0.19703849765937775
Brooklyn,male,96,0.7140567887108773,0.6360797644592822,0.6295027615502478,0.7215018435847016,0.4278715525753797,0.476035294495523,0.4045790147967637,0.27541877259500325,0.5588400179985911,0.7841373068513349,0.8306213986361399,0.604948116466403,0.9332111169351265,0.7369712512008846,0.8432866835501045,0.9480731773655862,0.702346627600491,0.267263624118641
Bronx,male,97,0.7226990781491622,0.9203572244150564,0.29534956021234393,0.7781967660412192,0.6695793154183776,0.47023172634653754,0.5448471706360579,0.6833772850688548,0.5307679657125846,0.9347800589166582,0.8745741593884304,0.7872125748544931,0.8245434846030548,0.812974437722005,0.9045930471038446,0.6094713676720858,0.8259356057969853,0.44227270071860403
Manhattan,male,98,0.7568526595132425,0.7602989670122042,0.707720142789185,0.49027545773424214,0.6693178482353688,0.7430279841180891,0.427390159200877,0.2801290047354996,0.6396647499641404,0.9405938626732677,0.9543298962526023,0.6828054670477286,0.5515918633900583,0.5194538533687592,0.9230266669765115,0.8745465378742665,0.7418764474568889,0.28697662032209337
Queens,male,99,0.6718384034465998,0.7708546838257462,0.2897501076105982,0.6762690861243755,0.281026513222605,0.5630517499987037,0.5802318798843772,0.4034211393911392,0.5983786658616737,0.8335238565923646,0.5554910693317652,0.5194434684235603,0.6428916420554742,0.9794183925259858,0.7010798623086885,0.9283693121979013,0.558585565420799,0.3581704832613468
Staten Island,male,100,0.8080467785475776,0.6178243550239131,0.706888301903382,0.3472438318654895,0.25873748944140973,0.7158250147011131,0.5368739453144372,0.4758463444653899,0.8990748870419338,0.9396059904247522,0.935928221559152,0.9421224714023992,0.7723539019934833,0.9306512573966756,0.9403586840489879,0.876798861194402,0.9488639131886885,0.10967186908237636
Brooklyn,non-binary (if applicable),101,0.9558532204246148,0.5419010546756908,0.7003942019771785,0.5642722688149662,0.3001607796177268,0.755338828265667,0.61454714294523,0.3927175862248987,0.8031036916654557,0.6372796971118078,0.5956311573972926,0.6788814996834844,0.5357949994504452,0.94087075360585,0.8321200545178726,0.7912100612884387,0.7106506358832121,0.4145751742180437
Bronx,non-binary (if applicable),102,0.7585366577841341,0.5200955156469718,0.6685509749222547,0.6328421109355986,0.23849742691963913,0.34153347299434245,0.6212950044311584,0.5258279239293189,0.5443756111199036,0.9590535160386935,0.7354055227478966,0.7804288407787681,0.5665447803912684,0.7316083399346098,0.7135027725016698,0.8207737182965502,0.6315123926615342,0.45770198747050017
Manhattan,non-binary (if applicable),103,0.6846925095887855,0.630945342592895,0.711747861141339,0.2960163530427963,0.6784829801879824,0.6753156974446028,0.42399651044979697,0.45004407796077434,0.7917116868775338,0.8966740961186588,0.996708286809735,0.8033302183030173,0.8099398065824062,0.950938938301988,0.7105942306807265,0.8531449630390853,0.7857013045577332,0.10755551571492106
Queens,non-binary (if applicable),104,0.7108263216214254,0.8592986293369904,0.4265904715750367,0.6092882702592761,0.7868372935336083,0.39051643251441426,0.24477376486174765,0.4379258957691491,0.9582372747827321,0.9347011557547376,0.8730463495012373,0.9456483321264386,0.6372792820911855,0.7644105044892058,0.7922130526276305,0.6873810255201533,0.9698028411949053,0.2504922578809783
Staten Island,non-binary (if applicable),105,0.6725888344226405,0.8051724546821788,0.7075340810231865,0.6724070923868568,0.7587298682890833,0.6515681375749409,0.656755590857938,0.48410648680292073,0.9386724315118045,0.5731493658386171,0.672747420030646,0.6304506281157956,0.7765521934488788,0.7374090817756951,0.8638647117186338,0.821781353908591,0.9654921643668786,0.08913685742300004
spec_hs,female,106,0.8732751125935465,0.968368653440848,0.7207808319944888,0.43562759496271614,0.5561975290067495,0.28152799257077277,0.6926153781358153,0.5026509278919549,0.7134884980041534,0.897401534137316,0.7153400530805811,0.6664245122810826,0.9721867939224467,0.6214157871436328,0.541377468383871,0.5262577418470755,0.7778341402299702,0.4486516355536878
spec_hs,male,107,0.9093957006698474,0.836159486323595,0.5775186557322741,0.32409451650455595,0.3653661902062595,0.7146658272482456,0.31660907506011426,0.3361537676304579,0.874341591144912,0.7450944316806272,0.9657467855140567,0.6545176309300587,0.8266807477921247,0.5429783881409094,0.8504046965390444,0.5466139421332628,0.9607895032968372,0.305038686725311
spec_hs,non-binary (if applicable),108,0.5121661133598536,0.6246091887587681,0.2600714535452426,0.7375212744809687,0.41233904892578727,0.3252600607927889,0.26825661403127016,0.361304625030607,0.7496395375346765,0.9887633598409593,0.7348001651698723,0.8505234726471826,0.6782424016855657,0.8851573122665286,0.6385017685825005,0.6341675644507632,0.5667066753376275,0.08096866507548839
anyspd0812,anyell0812,109,0.6764640746405348,0.6249898022506386,0.2568930962122977,0.6304748206399382,0.5149187551345678,0.581539691053331,0.3088825795799494,0.5162629138678313,0.8300541577627882,0.8549221056746319,0.6776249459944665,0.8203215233515948,0.7345098976511508,0.7411480669397861,0.7778580406447873,0.7634726980468258,0.6307762752985582,0.33028415171429515
economic_disadvantage,anyell0812,110,0.5495957904495299,0.9441382583463565,0.4474493871908636,0.2337863473687321,0.4385596098378301,0.49123571105301383,0.7112812181003392,0.5700399554334581,0.9881623359397054,0.6327689349418506,0.9144553085789084,0.6446889182552695,0.8580482667312026,0.5945937741780654,0.9145707308780402,0.6184414050076157,0.8336967085488141,0.17578999896068126
Brooklyn,anyell0812,111,0.8474476996343583,0.7774226107867435,0.7011264226865024,0.755591786839068,0.28895717887207867,0.5568549378775061,0.6471636699978263,0.6635756875853986,0.6933765498688444,0.5736156275961548,0.7362066314090043,0.6576133351773024,0.7591991844819859,0.5377691119210795,0.6434017627034336,0.7901988418307155,0.8449768669670448,0.4108099843142554
Bronx,anyell0812,112,0.5753130922093987,0.9024481946835294,0.7815791587345302,0.7958726279437542,0.4848475036211312,0.6139356540516019,0.5482253280933946,0.7260044955182821,0.9965006508864462,0.6490156539948657,0.7769625715445727,0.73551864863839,0.9591462770476937,0.7604110601823777,0.7107398892985657,0.744578166748397,0.867553690331988,0.033833062974736094
Manhattan,anyell0812,113,0.5313589439028874,0.7659760731039569,0.7395238381344826,0.32784290988929576,0.34571640966460115,0.4876238602679223,0.5266325162258,0.2183568209875375,0.6670778504339978,0.9922456252388656,0.7675513600697741,0.5805050869239494,0.7399652905296534,0.7723097183043137,0.9519908392103389,0.7241184519371018,0.5654906325507909,0.49375942850019783
Queens,anyell0812,114,0.890867538517341,0.8206762901972979,0.26658394713886086,0.6146339389495552,0.52726140441373,0.7894789034035057,0.647020513797179,0.7348753257188947,0.5640128683298826,0.7733411595690995,0.7347419505240396,0.5166512131690979,0.8784618028439581,0.923528631683439,0.9892900595441461,0.5643393233185634,0.9101066204020754,0.33972034649923444
Staten Island,anyell0812,115,0.879363214946352,0.8523985865758732,0.6527000883128495,0.7039675504900516,0.45664875195361676,0.6617427302058787,0.5322283826302738,0.634784838417545,0.8070884650805965,0.700620093732141,0.6592876560753211,0.9385040315100923,0.7490919178817421,0.5708167579723522,0.7648342602187768,0.6919455556198955,0.6762947953538969,0.46982043713796884
spec_hs,anyell0812,116,0.5134353941539302,0.840570294065401,0.28846569801680744,0.5872443269006908,0.3125670759007335,0.27631607670336966,0.3533999172970653,0.5710414447821677,0.5049808508483693,0.9601832053158432,0.7349435011856258,0.625272820238024,0.7253812541021034,0.6738860355690122,0.5994984857970849,0.5315897049149498,0.5719878922682256,0.07648623164277524
economic_disadvantage,anyspd0812,117,0.6320230509154499,0.7030517676612362,0.7369995668064804,0.6517957495525479,0.5784159890376033,0.7910516176372768,0.40486561190336945,0.44724736530333764,0.5760163671802729,0.7165707326494157,0.6211286796024069,0.8316931773442775,0.617983550298959,0.9949114760383964,0.6317943492904305,0.5472481143660843,0.8802407633047551,0.045111807296052575
Brooklyn,anyspd0812,118,0.9988929886603728,0.9972309176810086,0.7653967971913518,0.44495896128937606,0.5547242125496269,0.729241693392396,0.7541305076330902,0.4218435856513679,0.7648641037521884,0.7413063675630838,0.8397311510052532,0.5183988276403397,0.546372361597605,0.9629615815356374,0.9329708404839039,0.578600493259728,0.8957583815790713,0.309108913410455
Bronx,anyspd0812,119,0.7146870896685869,0.7518087127245963,0.6572565170004965,0.7569166345056146,0.7209422006737443,0.48997476729564376,0.4204050640109927,0.6217386165168137,0.9633763139136136,0.7185652675107121,0.621805178350769,0.6547651182627305,0.6360052268719301,0.5813589809695259,0.8104543334338814,0.5015228369738907,0.8027568509569392,0.0506997894262895
Manhattan,anyspd0812,120,0.6755659995833412,0.7694075795589015,0.41612343587912626,0.6896920956671239,0.2164653805550188,0.3602310768794269,0.4511008836794645,0.45019632042385643,0.6439160766312853,0.6105804984690621,0.9223015705356374,0.8037705551832914,0.7985088841523975,0.5787968599470332,0.9494415662484244,0.6865175287239254,0.7106109432643279,0.4687478266423568
Queens,anyspd0812,121,0.8807549276389182,0.5687272273935378,0.20389327108860017,0.7441573618911208,0.5593045967165382,0.307335475133732,0.42352000945247714,0.20209906548261644,0.6946533363079652,0.7281316219596192,0.9617155742598698,0.6831349720014259,0.6762958392500877,0.5235047509195283,0.5271201300201938,0.7761962831718847,0.9237887631170452,0.2765257053542882
Staten Island,anyspd0812,122,0.6290188140701503,0.5080233917105943,0.44924659477546813,0.43971874378621584,0.48682575821876534,0.6567649137694389,0.5547123486641795,0.3763805680908263,0.9087684400146827,0.8740378448273987,0.9580222882796079,0.7807102235965431,0.9808867946267128,0.8310638900147751,0.6857914247084409,0.7383863956201822,0.5728651933604851,0.1997081113513559
spec_hs,anyspd0812,123,0.7117502926848829,0.5277167838066816,0.5070023951586337,0.32905100085772576,0.7394228775519878,0.36584937982261184,0.668418036401272,0.5773685918655247,0.8559583203168586,0.7706800526939332,0.977003411273472,0.9361252058297396,0.8869100091978908,0.683411025791429,0.9583265383262187,0.5990475930739194,0.5749365438241512,0.3527290392667055
Brooklyn,economic_disadvantage,124,0.5726993224816397,0.9453480130759999,0.322144708968699,0.7211890239734204,0.23546299748122695,0.3450952034909278,0.6071050862316043,0.46149392714723947,0.9472466587321833,0.9291132109938189,0.8809154640184715,0.8106992670800537,0.9846104183234274,0.8512947274139151,0.7053473971318454,0.9236141914734617,0.7777534378692508,0.11848948546685278
Bronx,economic_disadvantage,125,0.9419442075304687,0.923051143065095,0.7036156540270895,0.5702029145788402,0.765181944007054,0.43247270542196936,0.428083707485348,0.2949907657224685,0.6049926419509575,0.8830849367659539,0.522622907650657,0.7892436896217987,0.7676077099749818,0.6153423964278772,0.7583559380145743,0.6643334995023906,0.6400508146034554,0.4240572969429195
Manhattan,economic_disadvantage,126,0.6296867546625435,0.5707861017435789,0.28037324892356996,0.6376432003919036,0.357731765601784,0.362332972092554,0.31059746555984025,0.3666883214376867,0.5412628661142662,0.7763071017106995,0.8237929673632607,0.5209570669103414,0.8695500233443454,0.8963540950790048,0.6820053963456303,0.7584045900730416,0.5646716017508879,0.07346311234869063
Queens,economic_disadvantage,127,0.924831414478831,0.7715721339918673,0.21437259004451337,0.4702046015299857,0.3986873922403902,0.34044518303126103,0.4240344079677016,0.46054733591154223,0.710945246857591,0.9251001181546599,0.5925320006208494,0.72275644633919,0.5543604575796053,0.7183026801794767,0.5396695142844692,0.8745753769762814,0.7360434215515852,0.040203062002547085
Staten Island,economic_disadvantage,128,0.8881319797364995,0.8490659160306677,0.5431911794003099,0.3580448196269572,0.7144677521195264,0.4164111521095038,0.2550190645735711,0.7537101131398232,0.6458726233104244,0.8867799090221524,0.6467225793749094,0.9009128456236795,0.9136750042671338,0.9763548712944612,0.8420088733546436,0.9904817683855072,0.911439340095967,0.27679333521518856
spec_hs,economic_disadvantage,129,0.9543643241049722,0.5179336344590411,0.7932720731943848,0.2320435764733702,0.6037378191016616,0.2560338339302689,0.6365509534720333,0.4607105793431402,0.9669383051805198,0.7701488785678521,0.6272715430241078,0.700178052065894,0.8323981869034469,0.6922350417589769,0.5849436451680958,0.7371266544796526,0.5395283736288548,0.41947712923865765
spec_hs,Brooklyn,130,0.7948732324875891,0.7349165336927399,0.6524787877686322,0.7332832297310234,0.34402230633422737,0.7085923627950252,0.3979709092527628,0.651314713805914,0.9242418591165915,0.9138612817041576,0.5764506557025015,0.9588928762823343,0.5334998331964016,0.8151956194778904,0.9193884576670825,0.622985333786346,0.8157093733316287,0.07862402556929737
spec_hs,Bronx,131,0.9382128400029615,0.8887843356933445,0.3823973845690489,0.5661580845713616,0.5279001272283494,0.6843625853303821,0.70076734572649,0.3856723733711988,0.7822639284422621,0.5932999973883852,0.8349643427645788,0.7100232231896371,0.7577011614339426,0.6451297778403386,0.8981356006115675,0.9050421648425981,0.7364161175210029,0.021611506352201104
spec_hs,Manhattan,132,0.8024246969725937,0.7205099875573069,0.7765468829777094,0.47594572980888195,0.6556502993218601,0.28591095469892025,0.5052517697215081,0.7740653600543739,0.5665082212071866,0.8512934800237417,0.7604206952964887,0.8732524819206446,0.7263247384689748,0.8785026601981372,0.5411795411491767,0.8701865909388289,0.8229970600223169,0.48898571159224957
spec_hs,Queens,133,0.8902887656586245,0.600686926743947,0.5220255716238171,0.22976134237833323,0.5348092400468887,0.4563691818155349,0.5963548807892949,0.642512396303937,0.809543359093368,0.6863270411267877,0.8318299941020086,0.7398362401872873,0.6576650751521811,0.5720530883409083,0.973394105443731,0.945817792089656,0.6995323300361633,0.21744152531027794
spec_hs,Staten Island,134,0.7101334190228954,0.773924196488224,0.6111993190366776,0.5073870964348317,0.3129964004736394,0.6748289115726949,0.342525751888752,0.36282939799129965,0.6849909886950627,0.7421402424806729,0.7651462579378858,0.6536829253891483,0.5990533427102491,0.5907457428984344,0.711894242791459,0.9837702832883224,0.6144254567334428,0.24037009896710515
